<?xml version="1.0" encoding="UTF-8"?>

<udhrs>
  <udhr f='007'                iso639-3='und'    bcp47='und'            ohchr='1128'   stage='4' notes='n' loc='-75,30'               region=''            demo='n' n='(Forro)'/>
  <udhr f='008'                iso639-3='und'    bcp47='und'            ohchr=''       stage='4' notes='n' loc='-75,40'               region=''            demo='n' n='(Crioulo da Guin&#x00E9;)'/>
  <udhr f='009'                iso639-3='und'    bcp47='und'            ohchr=''       stage='4' notes='n' loc='-75,50'               region=''            demo='n' n='(Kimbundo)'/>
  <udhr f='010'                iso639-3='und'    bcp47='und'            ohchr=''       stage='4' notes='n' loc='-75,60'               region=''            demo='n' n='(Tetum)'/>
  <udhr f='011'                iso639-3='und'    bcp47='und'            ohchr=''       stage='4' notes='n' loc='-75,70'               region=''            demo='n' n='(Umbundo)'/>
  <udhr f='abk'                iso639-3='abk'    bcp47='ab'             ohchr='abk'    stage='4' notes='y' loc='42.23,41.30'          region='Asia'        demo='n' n='Abkhaz'/>
  <udhr f='ace'                iso639-3='ace'    bcp47='ace'            ohchr='atj'    stage='4' notes='n' loc='3.91,96.60'           region='Asia'        demo='n' n='Aceh'/>
  <udhr f='acu'                iso639-3='acu'    bcp47='acu'            ohchr='acu'    stage='4' notes='y' loc='-2.83,-77.26'         region='Americas'    demo='n' n='Achuar-Shiwiar'/>
  <udhr f='acu_1'              iso639-3='acu'    bcp47='acu'            ohchr='jiv'    stage='4' notes='n' loc='-2.83,-77.26'         region='Americas'    demo='n' n='Achuar-Shiwiar (1)'/>
  <udhr f='ada'                iso639-3='ada'    bcp47='ada'            ohchr='gac1'   stage='4' notes='n' loc='5.94,0.13'            region='Africa'      demo='n' n='Dangme'/>
  <udhr f='ady'                iso639-3='ady'    bcp47='ady'            ohchr='ady'    stage='4' notes='n' loc='44.00,39.33'          region='Asia'        demo='n' n='Adyghe'/>
  <udhr f='afr'                iso639-3='afr'    bcp47='af'             ohchr='afk'    stage='4' notes='y' loc='-22.00,30.00'         region='Africa'      demo='n' n='Afrikaans'/>
  <udhr f='agr'                iso639-3='agr'    bcp47='agr'            ohchr='agr'    stage='4' notes='y' loc='-5.30,-77.92'         region='Americas'    demo='n' n='Aguaruna'/>
  <udhr f='aii'                iso639-3='aii'    bcp47='aii'            ohchr='aii'    stage='4' notes='n' loc='36.75,43.00'          region='Asia'        demo='n' n='Assyrian Neo-Aramaic'/>
  <udhr f='ajg'                iso639-3='ajg'    bcp47='ajg'            ohchr='ajg'    stage='4' notes='n' loc='7.07,1.65'            region='Africa'      demo='n' n='Aja'/>
  <udhr f='aka_akuapem'        iso639-3='aka'    bcp47='ak'             ohchr='tws1'   stage='4' notes='n' loc='6.35,-1.33'           region='Africa'      demo='n' n='Akan (Akuapem)'/>
  <udhr f='aka_asante'         iso639-3='aka'    bcp47='ak'             ohchr='ass'    stage='4' notes='n' loc='6.35,-1.33'           region='Africa'      demo='n' n='Akan (Asante)'/>
  <udhr f='aka_fante'          iso639-3='aka'    bcp47='ak'             ohchr='tws3'   stage='4' notes='n' loc='6.35,-1.33'           region='Africa'      demo='n' n='Akan (Fante)'/>
  <udhr f='als'                iso639-3='als'    bcp47='sq'             ohchr='aln'    stage='4' notes='n' loc='41.00,20.00'          region='Europe'      demo='n' n='Albanian, Tosk'/>
  <udhr f='alt'                iso639-3='alt'    bcp47='alt'            ohchr='alt'    stage='4' notes='n' loc='50.13,86.87'          region='Asia'        demo='n' n='Altai, Southern'/>
  <udhr f='amc'                iso639-3='amc'    bcp47='amc'            ohchr='amc'    stage='4' notes='n' loc='-10.20,-72.32'        region='Americas'    demo='n' n='Amahuaca'/>
  <udhr f='ame'                iso639-3='ame'    bcp47='ame'            ohchr='ame'    stage='4' notes='y' loc='-10.55,-75.31'        region='Americas'    demo='n' n='Yanesha&#x02BC;'/>
  <udhr f='amh'                iso639-3='amh'    bcp47='am'             ohchr='amh'    stage='4' notes='n' loc='11.71,39.54'          region='Africa'      demo='n' n='Amharic'/>
  <udhr f='amr'                iso639-3='amr'    bcp47='amr'            ohchr='amr'    stage='4' notes='n' loc='-12.49,-70.55'        region='Americas'    demo='n' n='Amarakaeri'/>
  <udhr f='arb'                iso639-3='arb'    bcp47='ar'             ohchr='arz'    stage='4' notes='n' loc='27.96,43.85'          region='Asia'        demo='y' n='Arabic, Standard'/>
  <udhr f='arl'                iso639-3='arl'    bcp47='arl'            ohchr='arl'    stage='4' notes='n' loc='-1.96,-75.06'         region='Americas'    demo='n' n='Arabela'/>
  <udhr f='arn'                iso639-3='arn'    bcp47='arn'            ohchr='aru'    stage='4' notes='n' loc='-38.74,-71.28'        region='Americas'    demo='n' n='Mapudungun'/>
  <udhr f='asm'                iso639-3='asm'    bcp47='as'             ohchr='asm'    stage='2' notes='n' loc='26.09,91.29'          region='Asia'        demo='n' n='Assamese'/>
  <udhr f='ast'                iso639-3='ast'    bcp47='ast'            ohchr='aub'    stage='4' notes='n' loc='42.42,-6.02'          region='Europe'      demo='n' n='Asturian'/>
  <udhr f='auc'                iso639-3='auc'    bcp47='auc'            ohchr='1127'   stage='4' notes='n' loc='-1.12,-76.68'         region='Americas'    demo='n' n='Waorani'/>
  <udhr f='auv'                iso639-3='oci'    bcp47='oc'             ohchr='auv1'   stage='4' notes='n' loc='44.14,6.83'           region='Europe'      demo='n' n='Occitan (Auvergnat)'/>
  <udhr f='awa'                iso639-3='awa'    bcp47='awa'            ohchr='awa'    stage='2' notes='n' loc='27.59,82.47'          region='Asia'        demo='n' n='Awadhi'/>
  <udhr f='ayr'                iso639-3='ayr'    bcp47='ay'             ohchr='aym'    stage='4' notes='n' loc='-17.00,-68.50'        region='Americas'    demo='n' n='Aymara, Central'/>
  <udhr f='azj_cyrl'           iso639-3='azj'    bcp47='az-Cyrl'        ohchr='azb1'   stage='4' notes='n' loc='40.98,46.47'          region='Asia'        demo='n' n='Azerbaijani, North (Cyrillic)'/>
  <udhr f='azj_latn'           iso639-3='azj'    bcp47='az-Latn'        ohchr='azb'    stage='4' notes='n' loc='40.98,46.47'          region='Asia'        demo='n' n='Azerbaijani, North (Latin)'/>
  <udhr f='bam'                iso639-3='bam'    bcp47='bm'             ohchr='bra'    stage='4' notes='n' loc='12.04,-9.99'          region='Africa'      demo='n' n='Bamanankan'/>
  <udhr f='ban'                iso639-3='ban'    bcp47='ban'            ohchr='bzc'    stage='4' notes='n' loc='-8.36,115.08'         region='Asia'        demo='n' n='Bali'/>
  <udhr f='bba'                iso639-3='bba'    bcp47='bba'            ohchr='bba'    stage='4' notes='n' loc='9.63,3.00'            region='Africa'      demo='n' n='Baatonum'/>
  <udhr f='bci'                iso639-3='bci'    bcp47='bci'            ohchr='bci'    stage='4' notes='n' loc='5.43,-4.77'           region='Africa'      demo='n' n='Baoulé'/>
  <udhr f='bcl'                iso639-3='bcl'    bcp47='bik'            ohchr='bkl'    stage='4' notes='n' loc='13.76,123.40'         region='Asia'        demo='n' n='Bicolano, Central'/>
  <udhr f='bel'                iso639-3='bel'    bcp47='be'             ohchr='ruw'    stage='4' notes='y' loc='53.23,25.60'          region='Europe'      demo='n' n='Belarusan'/>
  <udhr f='bem'                iso639-3='bem'    bcp47='bem'            ohchr='bem'    stage='4' notes='n' loc='-10.61,29.30'         region='Africa'      demo='n' n='Bemba'/>
  <udhr f='ben'                iso639-3='ben'    bcp47='bn'             ohchr='bng'    stage='4' notes='n' loc='24.00,90.00'          region='Asia'        demo='y' n='Bengali'/>
  <udhr f='bfa'                iso639-3='bfa'    bcp47='bfa'            ohchr='bfa'    stage='4' notes='n' loc='4.20,31.07'           region='Africa'      demo='n' n='Bari'/>
  <udhr f='bgp'                iso639-3='bgp'    bcp47='bal'            ohchr='bgp'    stage='2' notes='n' loc='28.00,62.00'          region='Asia'        demo='n' n='Balochi, Eastern'/>
  <udhr f='bho'                iso639-3='bho'    bcp47='bho'            ohchr='bhj'    stage='4' notes='n' loc='26.46,84.82'          region='Asia'        demo='n' n='Bhojpuri'/>
  <udhr f='bin'                iso639-3='bin'    bcp47='bin'            ohchr='edo'    stage='4' notes='n' loc='6.41,5.70'            region='Africa'      demo='n' n='Edo'/>
  <udhr f='bis'                iso639-3='bis'    bcp47='bi'             ohchr='bcy'    stage='4' notes='n' loc='-19.99,167.37'        region='Pacific'     demo='n' n='Bislama'/>
  <udhr f='bjj'                iso639-3='bjj'    bcp47='bjj'            ohchr='bjj'    stage='2' notes='n' loc='27.11,79.29'          region='Asia'        demo='n' n='Kanauji'/>
  <udhr f='blu'                iso639-3='hnj'    bcp47='hnj'            ohchr='blu'    stage='4' notes='n' loc='22.56,101.95'         region='Asia'        demo='n' n='Hmong Njua'/>
  <udhr f='boa'                iso639-3='boa'    bcp47='boa'            ohchr='boa'    stage='4' notes='n' loc='-2.91,-68.91'         region='Americas'    demo='n' n='Bora'/>
  <udhr f='bod'                iso639-3='bod'    bcp47='bo'             ohchr='tic'    stage='4' notes='n' loc='28.37,90.19'          region='Asia'        demo='y' n='Tibetan, Central'/>
  <udhr f='bos_cyrl'           iso639-3='bos'    bcp47='bs-Cyrl'        ohchr='src4'   stage='4' notes='n' loc='42.93,17.67'          region='Europe'      demo='n' n='Bosnian (Cyrillic)'/>
  <udhr f='bos_latn'           iso639-3='bos'    bcp47='bs-Latn'        ohchr='src1'   stage='4' notes='n' loc='42.93,17.67'          region='Europe'      demo='n' n='Bosnian (Latin)'/>
  <udhr f='bpy'                iso639-3='bpy'    bcp47='bpy'            ohchr='bpy'    stage='2' notes='n' loc='24.46,92.02'          region='Asia'        demo='n' n='Bishnupriya'/>
  <udhr f='bre'                iso639-3='bre'    bcp47='br'             ohchr='brt'    stage='4' notes='n' loc='48.25,-3.79'          region='Europe'      demo='n' n='Breton'/>
  <udhr f='btb'                iso639-3='bum'    bcp47='bum'            ohchr='btb'    stage='4' notes='n' loc='3.16,11.64'           region='Africa'      demo='n' n='Bulu'/>
  <udhr f='buc'                iso639-3='buc'    bcp47='buc'            ohchr='buc'    stage='2' notes='n' loc='-12.97,45.14'         region='Africa'      demo='n' n='Bushi'/>
  <udhr f='bug'                iso639-3='bug'    bcp47='bug'            ohchr='bpr'    stage='4' notes='n' loc='-0.25,119.25'         region='Asia'        demo='n' n='Bugis'/>
  <udhr f='bul'                iso639-3='bul'    bcp47='bg'             ohchr='blg'    stage='4' notes='n' loc='43.36,25.05'          region='Europe'      demo='n' n='Bulgarian'/>
  <udhr f='bvi'                iso639-3='bvi'    bcp47='bvi'            ohchr='bvi'    stage='2' notes='n' loc='7.41,27.70'           region='Africa'      demo='n' n='Belanda Viri'/>
  <udhr f='cab'                iso639-3='cab'    bcp47='cab'            ohchr='cab'    stage='4' notes='n' loc='15.35,-86.91'         region='Americas'    demo='n' n='Garifuna'/>
  <udhr f='cak'                iso639-3='cak'    bcp47='cak'            ohchr='cak1'   stage='4' notes='n' loc='14.47,-90.99'         region='Americas'    demo='n' n='Kaqchikel, Central'/>
  <udhr f='cat'                iso639-3='cat'    bcp47='ca'             ohchr='cln'    stage='4' notes='n' loc='41.90,3.39'           region='Europe'      demo='n' n='Catalan-Valencian-Balear'/>
  <udhr f='cax'                iso639-3='cax'    bcp47='cax'            ohchr='cax'    stage='2' notes='n' loc='-17.64,-59.92'        region='Americas'    demo='n' n='Chiquitano'/>
  <udhr f='cbi'                iso639-3='cbi'    bcp47='cbi'            ohchr='1122'   stage='4' notes='n' loc='0.71,-79.05'          region='Americas'    demo='n' n='Chachi'/>
  <udhr f='cbr'                iso639-3='cbr'    bcp47='cbr'            ohchr='cbr'    stage='4' notes='n' loc='-8.70,-75.42'         region='Americas'    demo='n' n='Cashibo-Cacataibo'/>
  <udhr f='cbs'                iso639-3='cbs'    bcp47='cbs'            ohchr='cbs'    stage='4' notes='n' loc='-9.72,-71.17'         region='Americas'    demo='n' n='Cashinahua'/>
  <udhr f='cbt'                iso639-3='cbt'    bcp47='cbt'            ohchr='cbt'    stage='4' notes='n' loc='-5.64,-76.83'         region='Americas'    demo='n' n='Chayahuita'/>
  <udhr f='cbu'                iso639-3='cbu'    bcp47='cbu'            ohchr='cbu'    stage='4' notes='n' loc='-4.24,-76.93'         region='Americas'    demo='n' n='Candoshi-Shapra'/>
  <udhr f='ccx'                iso639-3='zyb'    bcp47='za'             ohchr='ccx'    stage='4' notes='n' loc='23.68,107.18'         region='Asia'        demo='n' n='Zhuang, Yongbei'/>
  <udhr f='ceb'                iso639-3='ceb'    bcp47='ceb'            ohchr='ceb'    stage='4' notes='n' loc='8.39,124.37'          region='Asia'        demo='n' n='Cebuano'/>
  <udhr f='ces'                iso639-3='ces'    bcp47='cs'             ohchr='czc'    stage='4' notes='n' loc='49.87,15.10'          region='Europe'      demo='n' n='Czech'/>
  <udhr f='cha'                iso639-3='cha'    bcp47='ch'             ohchr='cjd'    stage='4' notes='n' loc='14.33,145.28'         region='Pacific'     demo='n' n='Chamorro'/>
  <udhr f='chj'                iso639-3='chj'    bcp47='chj'            ohchr='chj'    stage='4' notes='n' loc='18.07,-96.34'         region='Americas'    demo='n' n='Chinantec, Ojitlán'/>
  <udhr f='chk'                iso639-3='chk'    bcp47='chk'            ohchr='tru1'   stage='4' notes='n' loc='7.34,151.60'          region='Pacific'     demo='n' n='Chuukese'/>
  <udhr f='chr'                iso639-3='chr'    bcp47='chr'            ohchr=''       stage='1' notes='n' loc='35.47,-83.16'         region='Americas'    demo='y' n='Cherokee'/>
  <udhr f='cic'                iso639-3='cic'    bcp47='cic'            ohchr='cic'    stage='4' notes='n' loc='33.95,-97.13'         region='Americas'    demo='n' n='Chickasaw'/>
  <udhr f='cjk'                iso639-3='cjk'    bcp47='cjk'            ohchr='cjk'    stage='4' notes='n' loc='-9.66,21.40'          region='Africa'      demo='n' n='Chokwe'/>
  <udhr f='cjk_AO'             iso639-3='cjk'    bcp47='cjk'            ohchr='cjk'    stage='4' notes='n' loc='-9.66,21.40'          region='Africa'      demo='n' n='Chokwe (Angola)'/>
  <udhr f='cjs'                iso639-3='cjs'    bcp47='cjs'            ohchr='cjs'    stage='4' notes='n' loc='52.33,88.43'          region='Asia'        demo='n' n='Shor'/>
  <udhr f='ckb'                iso639-3='ckb'    bcp47='ku'             ohchr='kdb1'   stage='4' notes='n' loc='35.65,45.81'          region='Asia'        demo='n' n='Kurdish, Central'/>
  <udhr f='cmn_hans'           iso639-3='cmn'    bcp47='zh-Hans'        ohchr='chn'    stage='4' notes='n' loc='40.02,116.23'         region='Asia'        demo='y' n='Chinese, Mandarin (Simplified)'/>
  <udhr f='cmn_hant'           iso639-3='cmn'    bcp47='zh-Hant'        ohchr=''       stage='4' notes='n' loc='40.02,116.23'         region='Asia'        demo='n' n='Chinese, Mandarin (Traditional)'/>
  <udhr f='cnh'                iso639-3='cnh'    bcp47='cnh'            ohchr='hak'    stage='4' notes='n' loc='22.87,92.82'          region='Asia'        demo='n' n='Chin, Haka'/>
  <udhr f='cni'                iso639-3='cni'    bcp47='cni'            ohchr='cni'    stage='4' notes='n' loc='-11.93,-73.91'        region='Americas'    demo='n' n='Asháninka'/>
  <udhr f='cof'                iso639-3='cof'    bcp47='cof'            ohchr='cof'    stage='4' notes='n' loc='-0.21,-79.23'         region='Americas'    demo='n' n='Colorado'/>
  <udhr f='con'                iso639-3='con'    bcp47='con'            ohchr='ccc'    stage='2' notes='n' loc='0.28,-77.06'          region='Americas'    demo='n' n='Cof&#x00E1;n'/>
  <udhr f='cos'                iso639-3='cos'    bcp47='co'             ohchr='coi'    stage='4' notes='n' loc='41.70,9.26'           region='Europe'      demo='n' n='Corsican'/>
  <udhr f='cot'                iso639-3='cot'    bcp47='cot'            ohchr='cot'    stage='4' notes='n' loc='-11.48,-73.45'        region='Americas'    demo='n' n='Caquinte'/>
  <udhr f='cpu'                iso639-3='cpu'    bcp47='cpu'            ohchr='cpu'    stage='4' notes='n' loc='-10.47,-74.60'        region='Americas'    demo='n' n='Ashéninka, Pichis'/>
  <udhr f='crs'                iso639-3='crs'    bcp47='crs'            ohchr='crs'    stage='4' notes='n' loc='-4.62,55.45'          region='Africa'      demo='n' n='Seselwa Creole French'/>
  <udhr f='csa'                iso639-3='csa'    bcp47='csa'            ohchr='csa'    stage='4' notes='n' loc='18.06,-96.22'         region='Americas'    demo='n' n='Chinantec, Chiltepec'/>
  <udhr f='csw'                iso639-3='csw'    bcp47='csw'            ohchr='crm'    stage='4' notes='n' loc='56.00,-95.00'         region='Americas'    demo='y' n='Cree, Swampy'/>
  <udhr f='ctd'                iso639-3='ctd'    bcp47='ctd'            ohchr='tid'    stage='4' notes='n' loc='23.61,93.52'          region='Asia'        demo='n' n='Chin, Tedim'/>
  <udhr f='cym'                iso639-3='cym'    bcp47='cy'             ohchr='wls'    stage='4' notes='n' loc='52.00,-4.00'          region='Europe'      demo='n' n='Welsh'/>
  <udhr f='dag'                iso639-3='dag'    bcp47='dag'            ohchr='dag'    stage='4' notes='n' loc='9.65,-0.43'           region='Africa'      demo='n' n='Dagbani'/>
  <udhr f='dan'                iso639-3='dan'    bcp47='da'             ohchr='dns'    stage='4' notes='n' loc='54.87,9.36'           region='Europe'      demo='n' n='Danish'/>
  <udhr f='ddn'                iso639-3='ddn'    bcp47='ddn'            ohchr='den'    stage='4' notes='n' loc='11.67,3.49'           region='Africa'      demo='n' n='Dendi'/>
  <udhr f='deu_1901'           iso639-3='deu'    bcp47='de-1901'        ohchr='ger'    stage='4' notes='y' loc='48.65,12.47'          region='Europe'      demo='n' n='German, Standard (1901)'/>
  <udhr f='deu_1996'           iso639-3='deu'    bcp47='de-1996'        ohchr=''       stage='4' notes='y' loc='48.65,12.47'          region='Europe'      demo='n' n='German, Standard (1996)'/>
  <udhr f='dga'                iso639-3='dga'    bcp47='dga'            ohchr='dga'    stage='4' notes='n' loc='10.42,-2.52'          region='Africa'      demo='n' n='Dagaare, Southern'/>
  <udhr f='dhw'                iso639-3='dhw'    bcp47='dhw'            ohchr='dhw'    stage='2' notes='n' loc='27.55,85.01'          region='Asia'        demo='n' n='Danuwar'/>
  <udhr f='dip'                iso639-3='dip'    bcp47='dip'            ohchr='dinka'  stage='4' notes='n' loc='9.28,31.84'           region='Africa'      demo='n' n='Dinka, Northeastern'/>
  <udhr f='div'                iso639-3='div'    bcp47='dv'             ohchr='div'    stage='4' notes='n' loc='3.83,73.07'           region='Asia'        demo='y' n='Maldivian'/>
  <udhr f='dyo'                iso639-3='dyo'    bcp47='dyo'            ohchr='dyo'    stage='4' notes='n' loc='12.76,-15.74'         region='Africa'      demo='n' n='Jola-Fonyi'/>
  <udhr f='dyu'                iso639-3='dyu'    bcp47='dyu'            ohchr='dyu'    stage='4' notes='n' loc='10.45,-4.72'          region='Africa'      demo='n' n='Jula'/>
  <udhr f='dzo'                iso639-3='dzo'    bcp47='dz'             ohchr='dzo'    stage='3' notes='n' loc='27.41,89.58'          region='Asia'        demo='n' n='Dzongkha'/>
  <udhr f='ell_monotonic'      iso639-3='ell'    bcp47='el-monoton'     ohchr='grk'    stage='4' notes='n' loc='42.32,24.87'          region='Europe'      demo='n' n='Greek (monotonic)'/>
  <udhr f='ell_polytonic'      iso639-3='ell'    bcp47='el-polyton'     ohchr=''       stage='4' notes='n' loc='42.32,24.87'          region='Europe'      demo='y' n='Greek (polytonic)'/>
  <udhr f='emk'                iso639-3='emk'    bcp47='emk'            ohchr='mni'    stage='4' notes='n' loc='9.33,-10.54'          region='Africa'      demo='n' n='Maninkakan, Eastern'/>
  <udhr f='eml'                iso639-3='rgn'    bcp47='eml'            ohchr='eml'    stage='4' notes='n' loc='44.23,11.72'          region='Europe'      demo='n' n='Emiliano-Romagnolo'/>
  <udhr f='eng'                iso639-3='eng'    bcp47='en'             ohchr='eng'    stage='5' notes='n' loc='53.00,-1.00'          region='Europe'      demo='y' n='English'/>
  <udhr f='epo'                iso639-3='epo'    bcp47='eo'             ohchr='1115'   stage='4' notes='n' loc='49.33,2.81'           region='Other'       demo='n' n='Esperanto'/>
  <udhr f='est'                iso639-3='est'    bcp47='et'             ohchr='est'    stage='4' notes='n' loc='58.55,25.82'          region='Europe'      demo='n' n='Estonian'/>
  <udhr f='eus'                iso639-3='eus'    bcp47='eu'             ohchr='bsq'    stage='4' notes='n' loc='43.28,-1.32'          region='Europe'      demo='n' n='Basque'/>
  <udhr f='eve'                iso639-3='eve'    bcp47='eve'            ohchr='eve'    stage='4' notes='n' loc='70.67,130.91'         region='Asia'        demo='n' n='Even'/>
  <udhr f='evn'                iso639-3='evn'    bcp47='evn'            ohchr='evn'    stage='4' notes='n' loc='53.85,108.63'         region='Asia'        demo='n' n='Evenki'/>
  <udhr f='ewe'                iso639-3='ewe'    bcp47='ee'             ohchr='ewe'    stage='4' notes='n' loc='6.46,0.81'            region='Africa'      demo='n' n='Éwé'/>
  <udhr f='fao'                iso639-3='fao'    bcp47='fo'             ohchr='fae'    stage='4' notes='n' loc='62.07,-6.88'          region='Europe'      demo='n' n='Faroese'/>
  <udhr f='fij'                iso639-3='fij'    bcp47='fj'             ohchr='fji'    stage='4' notes='n' loc='-18.00,178.33'        region='Pacific'     demo='n' n='Fijian'/>
  <udhr f='fin'                iso639-3='fin'    bcp47='fi'             ohchr='fin'    stage='4' notes='n' loc='64.76,25.56'          region='Europe'      demo='n' n='Finnish'/>
  <udhr f='flm'                iso639-3='cfm'    bcp47='cfm'            ohchr='fal'    stage='4' notes='n' loc='23.79,92.33'          region='Asia'        demo='n' n='Chin, Falam'/>
  <udhr f='fon'                iso639-3='fon'    bcp47='fon'            ohchr='foa'    stage='4' notes='n' loc='7.15,1.66'            region='Africa'      demo='n' n='Fon'/>
  <udhr f='fra'                iso639-3='fra'    bcp47='fr'             ohchr='frn'    stage='5' notes='y' loc='48.00,2.00'           region='Europe'      demo='n' n='French'/>
  <udhr f='fri'                iso639-3='fry'    bcp47='fy'             ohchr='fri'    stage='4' notes='n' loc='53.14,5.86'           region='Europe'      demo='n' n='Frisian'/>
  <udhr f='fuf'                iso639-3='fuf'    bcp47='fuf'            ohchr='fuf'    stage='2' notes='n' loc='12.18,-12.73'         region='Africa'      demo='n' n='Pular'/>
  <udhr f='fur'                iso639-3='fur'    bcp47='fur'            ohchr='frl'    stage='4' notes='n' loc='46.15,13.05'          region='Europe'      demo='n' n='Friulian'/>
  <udhr f='fuv'                iso639-3='fuv'    bcp47='fuv'            ohchr='fum'    stage='4' notes='n' loc='11.00,11.12'          region='Africa'      demo='n' n='Fulfulde, Nigerian'/>
  <udhr f='gaa'                iso639-3='gaa'    bcp47='gaa'            ohchr='gac2'   stage='4' notes='n' loc='5.65,-0.19'           region='Africa'      demo='n' n='Ga'/>
  <udhr f='gag'                iso639-3='gag'    bcp47='gag'            ohchr='gag'    stage='4' notes='n' loc='44.60,28.03'          region='Europe'      demo='n' n='Gagauz'/>
  <udhr f='gax'                iso639-3='gax'    bcp47='om'             ohchr='gax'    stage='4' notes='n' loc='1.06,37.88'           region='Africa'      demo='n' n='Oromo, Borana-Arsi-Guji'/>
  <udhr f='gbm'                iso639-3='gbm'    bcp47='gbm'            ohchr='gbm'    stage='2' notes='n' loc='30.51,78.72'          region='Asia'        demo='n' n='Garhwali'/>
  <udhr f='gjn'                iso639-3='gjn'    bcp47='gjn'            ohchr='dum'    stage='4' notes='n' loc='8.49,-0.73'           region='Africa'      demo='n' n='Gonja'/>
  <udhr f='gkp'                iso639-3='gkp'    bcp47='kpe'            ohchr='gkp1'   stage='4' notes='n' loc='7.93,-8.99'           region='Africa'      demo='n' n='Kpelle, Guinea'/>
  <udhr f='gla'                iso639-3='gla'    bcp47='gd'             ohchr='gls'    stage='4' notes='n' loc='56.76,-5.24'          region='Europe'      demo='n' n='Gaelic, Scottish'/>
  <udhr f='gld'                iso639-3='gld'    bcp47='gld'            ohchr='gld'    stage='2' notes='n' loc='48.43,134.80'         region='Asia'        demo='n' n='Nanai'/>
  <udhr f='gle'                iso639-3='gle'    bcp47='ga'             ohchr='gli1'   stage='4' notes='n' loc='53.22,-7.62'          region='Europe'      demo='n' n='Gaelic, Irish'/>
  <udhr f='glg'                iso639-3='glg'    bcp47='gl'             ohchr='gln'    stage='4' notes='n' loc='42.24,-7.53'          region='Europe'      demo='n' n='Galician'/>
  <udhr f='gno'                iso639-3='gno'    bcp47='gno'            ohchr='gno'    stage='2' notes='n' loc='18.16,81.38'          region='Asia'        demo='n' n='Gondi, Northern'/>
  <udhr f='guc'                iso639-3='guc'    bcp47='guc'            ohchr='guc'    stage='4' notes='n' loc='10.23,-71.81'         region='Americas'    demo='n' n='Wayuu'/>
  <udhr f='gug'                iso639-3='gug'    bcp47='gn'             ohchr='gun'    stage='4' notes='n' loc='-25.61,-57.09'        region='Americas'    demo='n' n='Guaraní, Paraguayan'/>
  <udhr f='guj'                iso639-3='guj'    bcp47='gu'             ohchr='gjr'    stage='4' notes='n' loc='22.69,71.10'          region='Asia'        demo='y' n='Gujarati'/>
  <udhr f='guu'                iso639-3='guu'    bcp47='guu'            ohchr='guu'    stage='4' notes='n' loc='1.68,-64.88'          region='Americas'    demo='n' n='Yanomamö'/>
  <udhr f='gvr'                iso639-3='gvr'    bcp47='gvr'            ohchr='gvr'    stage='2' notes='n' loc='27.42,86.29'          region='Asia'        demo='n' n='Gurung, Western'/>
  <udhr f='gyr'                iso639-3='gyr'    bcp47='gyr'            ohchr='gua'    stage='4' notes='n' loc='-15.82,-61.69'        region='Americas'    demo='n' n='Guarayu'/>
  <udhr f='hat_kreyol'         iso639-3='hat'    bcp47='ht'             ohchr='hat'    stage='4' notes='n' loc='19.00,-73.33'         region='Americas'    demo='n' n='Haitian Creole French (Kreyol)'/>
  <udhr f='hat_popular'        iso639-3='hat'    bcp47='ht'             ohchr='hat1'   stage='4' notes='n' loc='19.00,-73.33'         region='Americas'    demo='n' n='Haitian Creole French (Popular)'/>
  <udhr f='hau_NE'             iso639-3='hau'    bcp47='ha-NE'          ohchr='gej'    stage='4' notes='n' loc='11.15,8.78'           region='Africa'      demo='n' n='Hausa (Niger)'/>
  <udhr f='hau_NG'             iso639-3='hau'    bcp47='ha-NG'          ohchr='gej'    stage='4' notes='n' loc='11.15,8.78'           region='Africa'      demo='n' n='Hausa (Nigeria)'/>
  <udhr f='haw'                iso639-3='haw'    bcp47='haw'            ohchr='hwi'    stage='4' notes='n' loc='19.63,-155.43'        region='Pacific'     demo='n' n='Hawaiian'/>
  <udhr f='hea'                iso639-3='hea'    bcp47='hea'            ohchr='hea'    stage='4' notes='n' loc='26.63,108.16'         region='Asia'        demo='n' n='Hmong, Northern Qiandong'/>
  <udhr f='heb'                iso639-3='heb'    bcp47='he'             ohchr='hbr'    stage='4' notes='n' loc='31.11,35.02'          region='Asia'        demo='y' n='Hebrew'/>
  <udhr f='hil'                iso639-3='hil'    bcp47='hil'            ohchr='hil'    stage='4' notes='n' loc='10.40,122.97'         region='Asia'        demo='n' n='Hiligaynon'/>
  <udhr f='hin'                iso639-3='hin'    bcp47='hi'             ohchr='hnd'    stage='4' notes='y' loc='25.00,77.00'          region='Asia'        demo='y' n='Hindi'/>
  <udhr f='hlt'                iso639-3='hlt'    bcp47='hlt'            ohchr='hlt'    stage='4' notes='n' loc='23.31,92.83'          region='Asia'        demo='n' n='Chin, Matu'/>
  <udhr f='hms'                iso639-3='hms'    bcp47='hms'            ohchr='hms'    stage='4' notes='n' loc='25.66,108.53'         region='Asia'        demo='n' n='Hmong, Southern Qiandong'/>
  <udhr f='hna'                iso639-3='hna'    bcp47='hna'            ohchr='hna'    stage='4' notes='n' loc='10.38,13.84'          region='Africa'      demo='n' n='Mina'/>
  <udhr f='hne'                iso639-3='hne'    bcp47='hne'            ohchr='hne'    stage='2' notes='n' loc='20.36,82.05'          region='Asia'        demo='n' n='Chhattisgarhi'/>
  <udhr f='hni'                iso639-3='hni'    bcp47='hni'            ohchr='hni'    stage='4' notes='n' loc='22.68,102.85'         region='Asia'        demo='n' n='Hani'/>
  <udhr f='hns'                iso639-3='hns'    bcp47='hns'            ohchr='hns'    stage='4' notes='n' loc='7.67,-58.57'          region='Americas'    demo='n' n='Hindustani, Sarnami'/>
  <udhr f='hoc'                iso639-3='hoc'    bcp47='hoc'            ohchr='Hoc'    stage='2' notes='n' loc='87.12,23.96'          region='Asia'        demo='n' n='Ho'/>
  <udhr f='hrv'                iso639-3='hrv'    bcp47='hr'             ohchr='src2'   stage='4' notes='n' loc='45.20,16.83'          region='Europe'      demo='n' n='Croatian'/>
  <udhr f='hsb'                iso639-3='hsb'    bcp47='hsb'            ohchr='wee'    stage='4' notes='n' loc='51.24,14.41'          region='Europe'      demo='n' n='Sorbian, Upper'/>
  <udhr f='hsf'                iso639-3='hus'    bcp47='hus'            ohchr='hus'    stage='4' notes='n' loc='21.62,-98.50'         region='Americas'    demo='n' n='Huastec (Sierra de Otontepec)'/>
  <udhr f='hun'                iso639-3='hun'    bcp47='hu'             ohchr='hng'    stage='4' notes='n' loc='46.91,19.66'          region='Europe'      demo='n' n='Hungarian'/>
  <udhr f='hus'                iso639-3='hus'    bcp47='hus'            ohchr='1118'   stage='4' notes='n' loc='21.62,-98.50'         region='Americas'    demo='n' n='Huastec, Veracruz'/>
  <udhr f='huu'                iso639-3='huu'    bcp47='huu'            ohchr='huu'    stage='4' notes='n' loc='-1.14,-73.83'         region='Americas'    demo='n' n='Huitoto, Murui'/>
  <udhr f='hva'                iso639-3='hus'    bcp47='hus'            ohchr='hva'    stage='4' notes='n' loc='21.62,-98.50'         region='Americas'    demo='n' n='Huastec'/>
  <udhr f='hye'                iso639-3='hye'    bcp47='hy'             ohchr='arm'    stage='4' notes='n' loc='40.00,45.00'          region='Asia'        demo='y' n='Armenian'/>
  <udhr f='ibb'                iso639-3='ibb'    bcp47='ibb'            ohchr='ibb'    stage='4' notes='n' loc='5.15,7.87'            region='Africa'      demo='n' n='Ibibio'/>
  <udhr f='ibo'                iso639-3='ibo'    bcp47='ig'             ohchr='igr'    stage='4' notes='n' loc='4.63,7.23'            region='Africa'      demo='n' n='Igbo'/>
  <udhr f='ido'                iso639-3='ido'    bcp47='io'             ohchr='1120'   stage='4' notes='n' loc='-75,20'               region='Other'       demo='n' n='Ido'/>
  <udhr f='iii'                iso639-3='iii'    bcp47='ii'             ohchr='iii'    stage='4' notes='n' loc='28.19,102.12'         region='Asia'        demo='y' n='Yi, Sichuan'/>
  <udhr f='ike'                iso639-3='ike'    bcp47='iu'             ohchr='esb'    stage='4' notes='n' loc='62.17,-75.61'         region='Americas'    demo='n' n='Inuktitut, Eastern Canadian'/>
  <udhr f='ilo'                iso639-3='ilo'    bcp47='ilo'            ohchr='ilo'    stage='4' notes='n' loc='15.94,120.99'         region='Asia'        demo='n' n='Ilocano'/>
  <udhr f='ina'                iso639-3='ina'    bcp47='ia'             ohchr='1119'   stage='4' notes='n' loc='48.20,2.62'           region='Other'       demo='n' n='Interlingua'/>
  <udhr f='ind'                iso639-3='ind'    bcp47='id'             ohchr='inz'    stage='4' notes='n' loc='-7.33,109.72'         region='Asia'        demo='n' n='Indonesian'/>
  <udhr f='isl'                iso639-3='isl'    bcp47='is'             ohchr='ice'    stage='4' notes='n' loc='63.48,-19.02'         region='Europe'      demo='n' n='Icelandic'/>
  <udhr f='ita'                iso639-3='ita'    bcp47='it'             ohchr='itn'    stage='4' notes='n' loc='43.05,12.65'          region='Europe'      demo='n' n='Italian'/>
  <udhr f='jav'                iso639-3='jav'    bcp47='jv'             ohchr='jan'    stage='4' notes='n' loc='-0.57,110.89'         region='Asia'        demo='n' n='Javanese'/>
  <udhr f='jiv'                iso639-3='jiv'    bcp47='jiv'            ohchr='1125'   stage='4' notes='n' loc='-3.45,-78.19'         region='Americas'    demo='n' n='Shuar'/>
  <udhr f='jpn'                iso639-3='jpn'    bcp47='ja'             ohchr='jpn'    stage='4' notes='n' loc='35.00,135.00'         region='Asia'        demo='y' n='Japanese'/>
  <udhr f='jul'                iso639-3='jul'    bcp47='jul'            ohchr='jul'    stage='2' notes='n' loc='27.69,86.32'          region='Asia'        demo='n' n='Jirel'/>
  <udhr f='kal'                iso639-3='kal'    bcp47='kl'             ohchr='esg'    stage='4' notes='n' loc='69.38,-52.86'         region='Americas'    demo='n' n='Inuktitut, Greenlandic'/>
  <udhr f='kan'                iso639-3='kan'    bcp47='kn'             ohchr='kjv'    stage='4' notes='n' loc='13.59,76.12'          region='Asia'        demo='y' n='Kannada'/>
  <udhr f='kas'                iso639-3='kas'    bcp47='ks'             ohchr='ksh'    stage='2' notes='n' loc='34.17,74.33'          region='Asia'        demo='n' n='Kashmiri'/>
  <udhr f='kat'                iso639-3='kat'    bcp47='ka'             ohchr='geo'    stage='4' notes='n' loc='39.37,45.81'          region='Asia'        demo='y' n='Georgian'/>
  <udhr f='kaz'                iso639-3='kaz'    bcp47='kk'             ohchr='kaz'    stage='4' notes='n' loc='41.87,65.77'          region='Asia'        demo='n' n='Kazakh'/>
  <udhr f='kbd'                iso639-3='kbd'    bcp47='kbd'            ohchr='kbd'    stage='4' notes='n' loc='43.51,43.39'          region='Asia'        demo='n' n='Kabardian'/>
  <udhr f='kbp'                iso639-3='kbp'    bcp47='kbp'            ohchr='kbp'    stage='4' notes='n' loc='8.97,0.50'            region='Africa'      demo='n' n='Kabiyé'/>
  <udhr f='kde'                iso639-3='kde'    bcp47='kde'            ohchr='kde'    stage='4' notes='n' loc='-10.99,39.51'         region='Africa'      demo='n' n='Makonde'/>
  <udhr f='kea'                iso639-3='kea'    bcp47='kea'            ohchr='kea'    stage='4' notes='n' loc='15.06,-23.61'         region='Africa'      demo='n' n='Kabuverdianu'/>
  <udhr f='kek'                iso639-3='kek'    bcp47='kek'            ohchr='1116'   stage='4' notes='n' loc='15.38,-89.25'         region='Americas'    demo='n' n='Q&apos;eqchi&apos;'/>
  <udhr f='kfa'                iso639-3='kfa'    bcp47='kfa'            ohchr='kfa'    stage='2' notes='n' loc='12.24,75.92'          region='Asia'        demo='n' n='Kodava'/>
  <udhr f='kha'                iso639-3='kha'    bcp47='kha'            ohchr='kha'    stage='4' notes='n' loc='24.98,92.00'          region='Asia'        demo='n' n='Khasi'/>
  <udhr f='khk'                iso639-3='khk'    bcp47='mn-Cyrl'        ohchr='khk'    stage='4' notes='n' loc='48.32,106.29'         region='Asia'        demo='n' n='Mongolian, Halh (Cyrillic)'/>
  <udhr f='khk_mong'           iso639-3='khk'    bcp47='mn-Mong'        ohchr=''       stage='1' notes='n' loc='48.32,106.29'         region='Asia'        demo='n' n='Mongolian, Halh (Mongolian)'/>
  <udhr f='khm'                iso639-3='khm'    bcp47='km'             ohchr='khm'    stage='4' notes='n' loc='12.05,105.02'         region='Asia'        demo='y' n='Khmer, Central'/>
  <udhr f='khr'                iso639-3='khr'    bcp47='khr'            ohchr='khr'    stage='2' notes='n' loc='22.36,84.39'          region='Asia'        demo='n' n='Kharia'/>
  <udhr f='kin'                iso639-3='kin'    bcp47='rw'             ohchr='rua1'   stage='4' notes='n' loc='-1.57,29.64'          region='Africa'      demo='n' n='Rwanda'/>
  <udhr f='kir'                iso639-3='kir'    bcp47='ky'             ohchr='kdo'    stage='4' notes='n' loc='42.00,74.00'          region='Asia'        demo='n' n='Kirghiz'/>
  <udhr f='kjh'                iso639-3='kjh'    bcp47='kjh'            ohchr='kjh'    stage='4' notes='n' loc='50.74,107.17'         region='Asia'        demo='n' n='Khakas'/>
  <udhr f='kmb'                iso639-3='kmb'    bcp47='kmb'            ohchr='mlo'    stage='4' notes='n' loc='-8.98,14.89'          region='Africa'      demo='n' n='Mbundu'/>
  <udhr f='kmr'                iso639-3='kmr'    bcp47='kmr'            ohchr='kur'    stage='2' notes='n' loc='37.00,43.00'          region='Asia'        demo='n' n='Kurdish, Northern'/>
  <udhr f='knc'                iso639-3='knc'    bcp47='knc'            ohchr='kph'    stage='4' notes='n' loc='11.89,16.39'          region='Africa'      demo='n' n='Kanuri, Central'/>
  <udhr f='kng'                iso639-3='kng'    bcp47='kg'             ohchr='kon'    stage='4' notes='n' loc='-5.58,14.48'          region='Africa'      demo='n' n='Koongo'/>
  <udhr f='kng_AO'             iso639-3='kng'    bcp47='kg'             ohchr='kng'    stage='4' notes='n' loc='-5.58,14.48'          region='Africa'      demo='n' n='Koongo (Angola)'/>
  <udhr f='koi'                iso639-3='koi'    bcp47='koi'            ohchr='koi'    stage='4' notes='n' loc='59.66,54.80'          region='Europe'      demo='n' n='Komi-Permyak'/>
  <udhr f='koo'                iso639-3='koo'    bcp47='koo'            ohchr='koo1'   stage='4' notes='n' loc='0.32,29.87'           region='Africa'      demo='n' n='Konjo'/>
  <udhr f='kor'                iso639-3='kor'    bcp47='ko'             ohchr='kkn'    stage='4' notes='n' loc='37.50,128.00'         region='Asia'        demo='y' n='Korean'/>
  <udhr f='kqn'                iso639-3='kqn'    bcp47='kqn'            ohchr='kqn'    stage='4' notes='n' loc='-12.41,25.76'         region='Africa'      demo='n' n='Kaonde'/>
  <udhr f='kri'                iso639-3='kri'    bcp47='kri'            ohchr='kri'    stage='4' notes='n' loc='10.88,-14.32'         region='Africa'      demo='n' n='Krio'/>
  <udhr f='krl'                iso639-3='krl'    bcp47='krl'            ohchr='krl'    stage='4' notes='n' loc='65.17,30.87'          region='Asia'        demo='n' n='Karelian'/>
  <udhr f='ksw'                iso639-3='ksw'    bcp47='ksw'            ohchr='ksw'    stage='2' notes='n' loc='17.99,97.71'          region='Asia'        demo='n' n='Karen, S&apos;gaw'/>
  <udhr f='ktu'                iso639-3='ktu'    bcp47='ktu'            ohchr='ktu'    stage='4' notes='n' loc='-2.30,17.15'          region='Africa'      demo='n' n='Kituba'/>
  <udhr f='kwi'                iso639-3='kwi'    bcp47='kwi'            ohchr='kwi'    stage='4' notes='n' loc='1.22,-78.34'          region='Americas'    demo='n' n='Awa-Cuaiquer'/>
  <udhr f='kxl'                iso639-3='kxl'    bcp47='kxl'            ohchr='kxl'    stage='2' notes='n' loc='26.72,86.00'          region='Asia'        demo='n' n='Kurux, Nepali'/>
  <udhr f='lad'                iso639-3='lad'    bcp47='lad'            ohchr='lad'    stage='4' notes='n' loc='41.20,28.66'          region='Asia'        demo='n' n='Ladino'/>
  <udhr f='lao'                iso639-3='lao'    bcp47='lo'             ohchr='nol'    stage='4' notes='n' loc='16.07,104.57'         region='Asia'        demo='y' n='Lao'/>
  <udhr f='lat'                iso639-3='lat'    bcp47='la'             ohchr='ltn'    stage='4' notes='n' loc='41.90,12.45'          region='Europe'      demo='n' n='Latin'/>
  <udhr f='lat_1'              iso639-3='lat'    bcp47='la'             ohchr='ltn1'   stage='4' notes='n' loc='41.90,12.45'          region='Europe'      demo='n' n='Latin (1)'/>
  <udhr f='lav'                iso639-3='lav'    bcp47='lv'             ohchr='lat'    stage='4' notes='n' loc='56.83,24.31'          region='Europe'      demo='n' n='Latvian'/>
  <udhr f='lhm'                iso639-3='lhm'    bcp47='lhm'            ohchr='lhm'    stage='2' notes='n' loc='27.59,87.72'          region='Asia'        demo='n' n='Lhomi'/>
  <udhr f='lia'                iso639-3='lia'    bcp47='lia'            ohchr='lia'    stage='4' notes='n' loc='9.52,-12.31'          region='Africa'      demo='n' n='Limba, West-Central'/>
  <udhr f='lif'                iso639-3='lif'    bcp47='lif'            ohchr='lif'    stage='2' notes='n' loc='27.27,87.89'          region='Asia'        demo='n' n='Limbu'/>
  <udhr f='lij'                iso639-3='lij'    bcp47='lij'            ohchr='lij'    stage='4' notes='n' loc='44.08,7.91'           region='Europe'      demo='n' n='Ligurian'/>
  <udhr f='lin'                iso639-3='lin'    bcp47='ln'             ohchr='lin'    stage='4' notes='n' loc='1.40,19.78'           region='Africa'      demo='n' n='Lingala'/>
  <udhr f='lin_tones'          iso639-3='lin'    bcp47='ln'             ohchr=''       stage='4' notes='n' loc='1.40,19.78'           region='Africa'      demo='n' n='Lingala (tones)'/>
  <udhr f='lit'                iso639-3='lit'    bcp47='lt'             ohchr='lit'    stage='4' notes='n' loc='55.14,23.96'          region='Europe'      demo='n' n='Lithuanian'/>
  <udhr f='lld'                iso639-3='lld'    bcp47='lld'            ohchr='lld'    stage='4' notes='n' loc='46.61,11.89'          region='Europe'      demo='n' n='Ladin'/>
  <udhr f='lnc'                iso639-3='oci'    bcp47='oc'             ohchr='prv1'   stage='4' notes='n' loc='44.14,6.83'           region='Europe'      demo='n' n='Occitan (Languedocien)'/>
  <udhr f='lns'                iso639-3='lns'    bcp47='lns'            ohchr='nso'    stage='4' notes='n' loc='6.40,11.07'           region='Africa'      demo='n' n='Lamnso&apos;'/>
  <udhr f='lob'                iso639-3='lob'    bcp47='lob'            ohchr='lob'    stage='4' notes='n' loc='9.96,-3.34'           region='Africa'      demo='n' n='Lobi'/>
  <udhr f='lot'                iso639-3='lot'    bcp47='lot'            ohchr='lot'    stage='4' notes='n' loc='4.16,32.66'           region='Africa'      demo='n' n='Otuho'/>
  <udhr f='loz'                iso639-3='loz'    bcp47='loz'            ohchr='lbm1'   stage='4' notes='n' loc='-17.71,24.74'         region='Africa'      demo='n' n='Lozi'/>
  <udhr f='ltz'                iso639-3='ltz'    bcp47='lb'             ohchr='lux'    stage='4' notes='n' loc='49.68,6.15'           region='Europe'      demo='n' n='Luxembourgeois'/>
  <udhr f='lua'                iso639-3='lua'    bcp47='lua'            ohchr='lub'    stage='4' notes='n' loc='-5.73,22.44'          region='Africa'      demo='n' n='Luba-Kasai'/>
  <udhr f='lue'                iso639-3='lue'    bcp47='lue'            ohchr='lue'    stage='4' notes='n' loc='-13.54,22.29'         region='Africa'      demo='n' n='Luvale'/>
  <udhr f='lug'                iso639-3='lug'    bcp47='lg'             ohchr='lap1'   stage='4' notes='n' loc='0.67,32.15'           region='Africa'      demo='n' n='Ganda'/>
  <udhr f='lun'                iso639-3='lun'    bcp47='lun'            ohchr='mlo1'   stage='4' notes='n' loc='-11.18,23.87'         region='Africa'      demo='n' n='Lunda'/>
  <udhr f='lus'                iso639-3='lus'    bcp47='lus'            ohchr='lus'    stage='4' notes='n' loc='22.61,92.62'          region='Asia'        demo='n' n='Mizo'/>
  <udhr f='mad'                iso639-3='mad'    bcp47='mad'            ohchr='mhj'    stage='4' notes='n' loc='-7.00,113.0'          region='Asia'        demo='n' n='Madura'/>
  <udhr f='mag'                iso639-3='mag'    bcp47='mag'            ohchr='mqm'    stage='4' notes='n' loc='25.09,85.33'          region='Asia'        demo='n' n='Magahi'/>
  <udhr f='mah'                iso639-3='mah'    bcp47='mh'             ohchr='mzm'    stage='4' notes='n' loc='3.13,170.46'          region='Pacific'     demo='n' n='Marshallese'/>
  <udhr f='mai'                iso639-3='mai'    bcp47='mai'            ohchr=''       stage='4' notes='n' loc='26.38,86.22'          region='Asia'        demo='n' n='Maithili'/>
  <udhr f='mai_2'              iso639-3='mai'    bcp47='mai'            ohchr='mai'    stage='2' notes='n' loc='26.38,86.22'          region='Asia'        demo='n' n='Maithili (2)'/>
  <udhr f='mal'                iso639-3='mal'    bcp47='ml'             ohchr='mjs'    stage='4' notes='n' loc='9.59,76.77'           region='Asia'        demo='n' n='Malayalam'/>
  <udhr f='mam'                iso639-3='mam'    bcp47='mam'            ohchr='mam'    stage='4' notes='n' loc='14.80,-91.72'         region='Americas'    demo='n' n='Mam, Northern'/>
  <udhr f='mar'                iso639-3='mar'    bcp47='mr'             ohchr='mrt'    stage='4' notes='n' loc='17.93,76.67'          region='Asia'        demo='n' n='Marathi'/>
  <udhr f='maz'                iso639-3='maz'    bcp47='maz'            ohchr='maz'    stage='4' notes='n' loc='19.74,-100.02'        region='Americas'    demo='n' n='Mazahua Central'/>
  <udhr f='mcd'                iso639-3='mcd'    bcp47='mcd'            ohchr='mcd'    stage='4' notes='n' loc='-9.86,-71.12'         region='Americas'    demo='n' n='Sharanahua'/>
  <udhr f='mcf'                iso639-3='mcf'    bcp47='mcf'            ohchr='mcf'    stage='4' notes='n' loc='-5.74,-72.63'         region='Americas'    demo='n' n='Matsés'/>
  <udhr f='men'                iso639-3='men'    bcp47='men'            ohchr='mfy'    stage='4' notes='n' loc='7.91,-10.99'          region='Africa'      demo='n' n='Mende'/>
  <udhr f='mgp'                iso639-3='mgp'    bcp47='mgp'            ohchr='mag'    stage='2' notes='n' loc='27.41,87.06'          region='Asia'        demo='n' n='Maga, Eastern'/>
  <udhr f='mic'                iso639-3='mic'    bcp47='mic'            ohchr='mic'    stage='4' notes='n' loc='45.99,-65.58'         region='Americas'    demo='n' n='Micmac'/>
  <udhr f='min'                iso639-3='min'    bcp47='min'            ohchr='mpu'    stage='4' notes='n' loc='4.17,96.25'           region='Asia'        demo='n' n='Minangkabau'/>
  <udhr f='miq'                iso639-3='miq'    bcp47='miq'            ohchr='miq'    stage='4' notes='n' loc='15.16,-84.29'         region='Americas'    demo='n' n='Mískito'/>
  <udhr f='mjz'                iso639-3='mjz'    bcp47='mjz'            ohchr='mjz'    stage='2' notes='n' loc='29.46,80.38'          region='Asia'        demo='n' n='Mahji'/>
  <udhr f='mkd'                iso639-3='mkd'    bcp47='mk'             ohchr='mkj'    stage='4' notes='n' loc='41.60,21.79'          region='Europe'      demo='n' n='Macedonian'/>
  <udhr f='mlt'                iso639-3='mlt'    bcp47='mt'             ohchr='mls'    stage='4' notes='n' loc='35.89,14.45'          region='Europe'      demo='n' n='Maltese'/>
  <udhr f='mly_arab'           iso639-3='zlm'    bcp47='ms-Arab'        ohchr=''       stage='4' notes='n' loc='1.86,103.00'          region='Asia'        demo='n' n='Malay (Arabic)'/>
  <udhr f='mly_latn'           iso639-3='zlm'    bcp47='ms-Latn'        ohchr='mli'    stage='4' notes='n' loc='1.86,103.00'          region='Asia'        demo='n' n='Malay (Latin)'/>
  <udhr f='mos'                iso639-3='mos'    bcp47='mos'            ohchr='mhm'    stage='4' notes='n' loc='10.45,-1.17'          region='Africa'      demo='n' n='Mòoré'/>
  <udhr f='mri'                iso639-3='mri'    bcp47='mi'             ohchr='mbf'    stage='4' notes='n' loc='-38.29,176.54'        region='Pacific'     demo='n' n='Maori'/>
  <udhr f='mto'                iso639-3='mto'    bcp47='mto'            ohchr='mto'    stage='4' notes='n' loc='17.22,-96.02'         region='Americas'    demo='n' n='Mixe, Totontepec'/>
  <udhr f='mve'                iso639-3='mve'    bcp47='mwr'            ohchr='mkd'    stage='2' notes='n' loc='28.32,71.57'          region='Asia'        demo='n' n='Marwari'/>
  <udhr f='mxi'                iso639-3='mxi'    bcp47='mxi'            ohchr='moz'    stage='4' notes='n' loc='37.88,-1.80'          region='Europe'      demo='n' n='Mozarabic'/>
  <udhr f='mxv'                iso639-3='mxv'    bcp47='mxv'            ohchr='mxv'    stage='4' notes='n' loc='17.05,-98.35'         region='Americas'    demo='n' n='Mixtec, Metlatónoc'/>
  <udhr f='mya'                iso639-3='mya'    bcp47='my'             ohchr='bms'    stage='4' notes='n' loc='20.79,93.97'          region='Asia'        demo='y' n='Burmese'/>
  <udhr f='mzi'                iso639-3='mzi'    bcp47='mzi'            ohchr='mao'    stage='4' notes='n' loc='18.15,-96.57'         region='Americas'    demo='n' n='Mazatec, Ixcatlán'/>
  <udhr f='nav'                iso639-3='nav'    bcp47='nv'             ohchr='nav'    stage='4' notes='n' loc='36.21,-110.08'        region='Americas'    demo='n' n='Navajo'/>
  <udhr f='nba'                iso639-3='nba'    bcp47='nba'            ohchr='nba'    stage='4' notes='n' loc='-15.71,18.25'         region='Africa'      demo='n' n='Nyemba'/>
  <udhr f='nbl'                iso639-3='nbl'    bcp47='nr'             ohchr='nel'    stage='4' notes='n' loc='-25.63,29.05'         region='Africa'      demo='n' n='Ndebele'/>
  <udhr f='ndo'                iso639-3='ndo'    bcp47='ng'             ohchr='1114'   stage='4' notes='n' loc='-17.64,19.16'         region='Africa'      demo='n' n='Ndonga'/>
  <udhr f='nds'                iso639-3='nds'    bcp47='nds'            ohchr='ige'    stage='4' notes='n' loc='50.77,6.09'           region='Europe'      demo='n' n='Saxon, Low'/>
  <udhr f='nep'                iso639-3='npi'    bcp47='ne'             ohchr='nep'    stage='4' notes='n' loc='27.5,85'              region='Asia'        demo='n' n='Nepali'/>
  <udhr f='new'                iso639-3='new'    bcp47='new'            ohchr='new'    stage='2' notes='n' loc='27.26,84.96'          region='Asia'        demo='n' n='Newar'/>
  <udhr f='nhn'                iso639-3='nhn'    bcp47='nah'            ohchr='nhn'    stage='4' notes='n' loc='19.12,-98.30'         region='Americas'    demo='n' n='Nahuatl, Central'/>
  <udhr f='nio'                iso639-3='nio'    bcp47='nio'            ohchr='nio'    stage='4' notes='n' loc='73.14,86.21'          region='Asia'        demo='n' n='Nganasan'/>
  <udhr f='niv'                iso639-3='niv'    bcp47='niv'            ohchr='Nivkh'  stage='2' notes='n' loc='52.59,140.68'         region='Asia'        demo='n' n='Gilyak'/>
  <udhr f='njo'                iso639-3='njo'    bcp47='njo'            ohchr='njo'    stage='4' notes='n' loc='26.32,94.38'          region='Asia'        demo='n' n='Naga, Ao'/>
  <udhr f='nku'                iso639-3='nku'    bcp47='nku'            ohchr='kou'    stage='4' notes='n' loc='8.46,-2.75'           region='Africa'      demo='n' n='Kulango, Bouna'/>
  <udhr f='nld'                iso639-3='nld'    bcp47='nl'             ohchr='dut'    stage='4' notes='n' loc='52.00,5.00'           region='Europe'      demo='n' n='Dutch'/>
  <udhr f='nno'                iso639-3='nno'    bcp47='nn'             ohchr='nrn'    stage='4' notes='n' loc='61,11'                region='Europe'      demo='n' n='Norwegian, Nynorsk'/>
  <udhr f='nob'                iso639-3='nob'    bcp47='nb'             ohchr='nrr'    stage='4' notes='n' loc='61,8'                 region='Europe'      demo='n' n='Norwegian, Bokmål'/>
  <udhr f='not'                iso639-3='not'    bcp47='not'            ohchr='not'    stage='4' notes='n' loc='-11.53,-74.44'        region='Americas'    demo='n' n='Nomatsiguenga'/>
  <udhr f='nso'                iso639-3='nso'    bcp47='nso'            ohchr='srt'    stage='4' notes='n' loc='-24.80,29.47'         region='Africa'      demo='n' n='Sotho, Northern'/>
  <udhr f='nus'                iso639-3='nus'    bcp47='nus'            ohchr='nus'    stage='2' notes='n' loc='8.14,32.38'           region='Africa'      demo='n' n='Nuer'/>
  <udhr f='nya_chechewa'       iso639-3='nya'    bcp47='ny'             ohchr='nyj1'   stage='4' notes='n' loc='-14.80,32.81'         region='Africa'      demo='n' n='Nyanja (Chechewa)'/>
  <udhr f='nya_chinyanja'      iso639-3='nya'    bcp47='ny'             ohchr='nyj'    stage='4' notes='n' loc='-14.80,32.81'         region='Africa'      demo='n' n='Nyanja (Chinyanja)'/>
  <udhr f='nym'                iso639-3='nym'    bcp47='nym'            ohchr='nyz'    stage='4' notes='n' loc='-5.09,32.94'          region='Africa'      demo='n' n='Nyamwezi'/>
  <udhr f='nyn'                iso639-3='nyn'    bcp47='nyn'            ohchr='nyn1'   stage='4' notes='n' loc='-0.46,30.55'          region='Africa'      demo='n' n='Nyankore'/>
  <udhr f='nzi'                iso639-3='nzi'    bcp47='nzi'            ohchr='nze'    stage='4' notes='n' loc='5.18,-2.81'           region='Africa'      demo='n' n='Nzema'/>
  <udhr f='oaa'                iso639-3='oaa'    bcp47='oaa'            ohchr='oaa'    stage='2' notes='n' loc='49.36,143.13'         region='Asia'        demo='n' n='Orok'/>
  <udhr f='oci_1'              iso639-3='oci'    bcp47='oc'             ohchr='Fr3'    stage='4' notes='n' loc='44.14,6.83'           region='Europe'      demo='n' n='Occitan (Francoprovençal, Fribourg)'/>
  <udhr f='oci_2'              iso639-3='oci'    bcp47='oc'             ohchr='fr2'    stage='4' notes='n' loc='44.14,6.83'           region='Europe'      demo='n' n='Occitan (Francoprovençal, Savoie)'/>
  <udhr f='oci_3'              iso639-3='oci'    bcp47='oc'             ohchr='fr4'    stage='4' notes='n' loc='44.14,6.83'           region='Europe'      demo='n' n='Occitan (Francoprovençal, Vaud)'/>
  <udhr f='oci_4'              iso639-3='oci'    bcp47='oc'             ohchr='frp'    stage='4' notes='n' loc='44.14,6.83'           region='Europe'      demo='n' n='Occitan (Francoprovençal, Valais)'/>
  <udhr f='ojb'                iso639-3='ojb'    bcp47='oj'             ohchr='ojb'    stage='4' notes='n' loc='51.62,-87.79'         region='Americas'    demo='n' n='Ojibwa, Northwestern'/>
  <udhr f='oki'                iso639-3='oki'    bcp47='oki'            ohchr='oki'    stage='2' notes='n' loc='-2.78,36.60'          region='Africa'      demo='n' n='Okiek'/>
  <udhr f='ori'                iso639-3='ori'    bcp47='or'             ohchr='ory'    stage='2' notes='n' loc='21.66,86.86'          region='Asia'        demo='n' n='Oriya'/>
  <udhr f='oss'                iso639-3='oss'    bcp47='os'             ohchr='ose'    stage='4' notes='n' loc='41.79,43.27'          region='Asia'        demo='n' n='Osetin'/>
  <udhr f='ote'                iso639-3='ote'    bcp47='ote'            ohchr='1111'   stage='4' notes='n' loc='20.23,-99.56'         region='Americas'    demo='n' n='Otomi, Mezquital'/>
  <udhr f='pam'                iso639-3='pam'    bcp47='pam'            ohchr='pmp'    stage='4' notes='n' loc='14.96,120.50'         region='Asia'        demo='n' n='Pampangan'/>
  <udhr f='pan'                iso639-3='pan'    bcp47='pa'             ohchr='pnj1'   stage='4' notes='n' loc='30.04,75.67'          region='Asia'        demo='y' n='Panjabi, Eastern'/>
  <udhr f='pap'                iso639-3='pap'    bcp47='pap'            ohchr='pap'    stage='4' notes='n' loc='12.48,-69.94'         region='Americas'    demo='n' n='Papiamentu'/>
  <udhr f='pau'                iso639-3='pau'    bcp47='pau'            ohchr='plu'    stage='4' notes='n' loc='7.17,134.50'          region='Pacific'     demo='n' n='Palauan'/>
  <udhr f='pbb'                iso639-3='pbb'    bcp47='pbb'            ohchr='pbb'    stage='4' notes='n' loc='2.62,-76.31'          region='Americas'    demo='n' n='Páez'/>
  <udhr f='pbu'                iso639-3='pbu'    bcp47='ps'             ohchr='pbu'    stage='3' notes='n' loc='35.00,71.33'          region='Asia'        demo='n' n='Pashto, Northern'/>
  <udhr f='pcd'                iso639-3='pcd'    bcp47='pcd'            ohchr='frn2'   stage='4' notes='n' loc='50.28,3.25'           region='Europe'      demo='n' n='Picard'/>
  <udhr f='pcm'                iso639-3='pcm'    bcp47='pcm'            ohchr='pcm'    stage='4' notes='n' loc='9.66,4.21'            region='Africa'      demo='n' n='Pidgin, Nigerian'/>
  <udhr f='pes_1'              iso639-3='pes'    bcp47='fa'             ohchr='prs'    stage='4' notes='n' loc='28.66,55.16'          region='Asia'        demo='n' n='Farsi, Western'/>
  <udhr f='pes_2'              iso639-3='prs'    bcp47='fa-AF'          ohchr='prs1'   stage='4' notes='n' loc='28.66,55.16'          region='Asia'        demo='n' n='Dari'/>
  <udhr f='pis'                iso639-3='pis'    bcp47='pis'            ohchr='pis'    stage='4' notes='n' loc='-9.57,160.14'         region='Pacific'     demo='n' n='Pijin'/>
  <udhr f='plt'                iso639-3='plt'    bcp47='mg'             ohchr='mex'    stage='4' notes='n' loc='-19.59,47.12'         region='Africa'      demo='n' n='Malagasy, Plateau'/>
  <udhr f='pnb'                iso639-3='pnb'    bcp47='pnb'            ohchr=''       stage='4' notes='n' loc='30.09,75.35'          region='Asia'        demo='n' n='Panjabi, Western'/>
  <udhr f='pol'                iso639-3='pol'    bcp47='pl'             ohchr='pql'    stage='4' notes='n' loc='51.84,18.63'          region='Europe'      demo='n' n='Polish'/>
  <udhr f='pon'                iso639-3='pon'    bcp47='pon'            ohchr='pnf'    stage='4' notes='n' loc='6.87,158.22'          region='Pacific'     demo='n' n='Pohnpeian'/>
  <udhr f='por_BR'             iso639-3='por'    bcp47='pt-BR'          ohchr=''       stage='5' notes='n' loc='-15,-47'              region='Americas'    demo='n' n='Portuguese (Brazil)'/>
  <udhr f='por_PT'             iso639-3='por'    bcp47='pt-PT'          ohchr='por'    stage='5' notes='n' loc='39.91,-8.10'          region='Europe'      demo='n' n='Portuguese (Portugal)'/>
  <udhr f='pov'                iso639-3='pov'    bcp47='pov'            ohchr='gbc'    stage='4' notes='n' loc='13.23,-15.33'         region='Africa'      demo='n' n='Crioulo, Upper Guinea'/>
  <udhr f='ppl'                iso639-3='ppl'    bcp47='ppl'            ohchr='ppl'    stage='4' notes='n' loc='13.89,-89.44'         region='Americas'    demo='n' n='Pipil'/>
  <udhr f='prq'                iso639-3='prq'    bcp47='prq'            ohchr='cpp'    stage='4' notes='n' loc='-10.98,-74.92'        region='Americas'    demo='n' n='Ashéninka Perené'/>
  <udhr f='prv'                iso639-3='oci'    bcp47='oc'             ohchr='pro'    stage='4' notes='n' loc='44.14,6.83'           region='Europe'      demo='n' n='Occitan'/>
  <udhr f='pwo'                iso639-3='pwo'    bcp47='pwo'            ohchr='pwo'    stage='2' notes='n' loc='17.36,97.70'          region='Asia'        demo='n' n='Karen, Pwo Western'/>
  <udhr f='quc'                iso639-3='quc'    bcp47='quc'            ohchr='1117'   stage='4' notes='n' loc='14.53,-91.17'         region='Americas'    demo='n' n='K&apos;iche&apos;, Central'/>
  <udhr f='qud'                iso639-3='que'    bcp47='qu'             ohchr='qud1'   stage='4' notes='n' loc='-0.5,-78.5'           region='Americas'    demo='n' n='Quechua (Unified Quichua, old Hispanic orthography)'/>
  <udhr f='qug'                iso639-3='qug'    bcp47='qug'            ohchr='qug'    stage='4' notes='n' loc='-1.37,-78.85'         region='Americas'    demo='n' n='Quichua, Chimborazo Highland'/>
  <udhr f='quy'                iso639-3='quy'    bcp47='quy'            ohchr='quy'    stage='4' notes='n' loc='-13.85,-74.32'        region='Americas'    demo='n' n='Quechua, Ayacucho'/>
  <udhr f='quz'                iso639-3='quz'    bcp47='quz'            ohchr='quz'    stage='4' notes='n' loc='-14.09,-71.77'        region='Americas'    demo='n' n='Quechua, Cusco'/>
  <udhr f='qva'                iso639-3='qva'    bcp47='qva'            ohchr='qeg'    stage='4' notes='n' loc='-10.51,-76.11'        region='Americas'    demo='n' n='Quechua, Ambo-Pasco'/>
  <udhr f='qvc'                iso639-3='qvc'    bcp47='qvc'            ohchr='qnt'    stage='4' notes='n' loc='-7.09,-78.32'         region='Americas'    demo='n' n='Quechua, Cajamarca'/>
  <udhr f='qvh'                iso639-3='qvh'    bcp47='qvh'            ohchr='qej'    stage='4' notes='n' loc='-9.16,-76.34'         region='Americas'    demo='n' n='Quechua, Huamalíes-Dos de Mayo Huánuco'/>
  <udhr f='qvm'                iso639-3='qvm'    bcp47='qvm'            ohchr='qei'    stage='4' notes='n' loc='-9.84,-76.50'         region='Americas'    demo='n' n='Quechua, Margos-Yarowilca-Lauricocha'/>
  <udhr f='qvn'                iso639-3='qvn'    bcp47='qvn'            ohchr='qju'    stage='4' notes='n' loc='-11.21,-75.81'        region='Americas'    demo='n' n='Quechua, North Junín'/>
  <udhr f='qwh'                iso639-3='qwh'    bcp47='qwh'            ohchr='qan'    stage='4' notes='n' loc='-939,-77.78'          region='Americas'    demo='n' n='Quechua, Huaylas Ancash'/>
  <udhr f='qxa'                iso639-3='quh'    bcp47='quh'            ohchr='qec1'   stage='4' notes='n' loc='-20.92,-66.33'        region='Americas'    demo='n' n='Quechua, South Bolivian'/>
  <udhr f='qxn'                iso639-3='qxn'    bcp47='qxn'            ohchr='qed'    stage='4' notes='n' loc='-8.97,-77.41'         region='Americas'    demo='n' n='Quechua, Northern Conchucos Ancash'/>
  <udhr f='qxu'                iso639-3='qxu'    bcp47='qxu'            ohchr='qar'    stage='4' notes='n' loc='-15.18,-72.63'        region='Americas'    demo='n' n='Quechua, Arequipa-La Unión'/>
  <udhr f='raj'                iso639-3='mup'    bcp47='mup'            ohchr='raj'    stage='2' notes='n' loc='23.49,75.56'          region='Asia'        demo='n' n='Malvi'/>
  <udhr f='rar'                iso639-3='rar'    bcp47='rar'            ohchr='rrt'    stage='4' notes='n' loc='-20.00,-158.00'       region='Pacific'     demo='n' n='Rarotongan'/>
  <udhr f='rjs'                iso639-3='rjs'    bcp47='rjs'            ohchr='rjs'    stage='2' notes='n' loc='26.38,88.45'          region='Asia'        demo='n' n='Rajbanshi'/>
  <udhr f='rmn'                iso639-3='rmn'    bcp47='rom'            ohchr='rmn'    stage='4' notes='n' loc='42.67,21.17'          region='Europe'      demo='n' n='Romani, Balkan'/>
  <udhr f='rmn_1'              iso639-3='rmn'    bcp47='rom'            ohchr='rmn1'   stage='4' notes='n' loc='42.67,21.17'          region='Europe'      demo='n' n='Romani, Balkan (1)'/>
  <udhr f='rmy'                iso639-3='rup'    bcp47='rup'            ohchr='rmy1'   stage='4' notes='n' loc='42.06,22.65'          region='Europe'      demo='n' n='Aromanian'/>
  <udhr f='roh'                iso639-3='roh'    bcp47='rm'             ohchr='rhe'    stage='4' notes='n' loc='46.55,9.93'           region='Europe'      demo='n' n='Romansch'/>
  <udhr f='ron_1953'           iso639-3='ron'    bcp47='ro'             ohchr='rum'    stage='4' notes='y' loc='46.39,24.23'          region='Europe'      demo='n' n='Romanian (1953)'/>
  <udhr f='ron_1993'           iso639-3='ron'    bcp47='ro'             ohchr=''       stage='4' notes='y' loc='46.39,24.23'          region='Europe'      demo='n' n='Romanian (1993)'/>
  <udhr f='ron_2006'           iso639-3='ron'    bcp47='ro'             ohchr=''       stage='4' notes='y' loc='46.39,24.23'          region='Europe'      demo='n' n='Romanian (2006)'/>
  <udhr f='run'                iso639-3='run'    bcp47='rn'             ohchr='rud1'   stage='4' notes='n' loc='-1.44,31.32'          region='Africa'      demo='n' n='Rundi'/>
  <udhr f='rus'                iso639-3='rus'    bcp47='ru'             ohchr='rus'    stage='4' notes='n' loc='59.00,50.00'          region='Europe'      demo='y' n='Russian'/>
  <udhr f='sag'                iso639-3='sag'    bcp47='sg'             ohchr='saj'    stage='4' notes='n' loc='6.79,20.17'           region='Africa'      demo='n' n='Sango'/>
  <udhr f='sah'                iso639-3='sah'    bcp47='sah'            ohchr='sah'    stage='4' notes='n' loc='61.70,133.98'         region='Asia'        demo='n' n='Yakut'/>
  <udhr f='san'                iso639-3='san'    bcp47='sa'             ohchr='skt'    stage='4' notes='n' loc='20.00,77.00'          region='Asia'        demo='n' n='Sanskrit'/>
  <udhr f='sat'                iso639-3='sat'    bcp47='sat'            ohchr='sat'    stage='2' notes='n' loc='25.03,87.82'          region='Asia'        demo='n' n='Santhali'/>
  <udhr f='sck'                iso639-3='sck'    bcp47='sck'            ohchr='kis'    stage='2' notes='n' loc='23.66,84.81'          region='Asia'        demo='n' n='Sadri'/>
  <udhr f='sco'                iso639-3='sco'    bcp47='sco'            ohchr='sco'    stage='4' notes='n' loc='55.54,-6.00'          region='Europe'      demo='n' n='Scots'/>
  <udhr f='scp'                iso639-3='scp'    bcp47='scp'            ohchr='scp'    stage='2' notes='n' loc='27.92,85.63'          region='Asia'        demo='n' n='Helambu Sherpa'/>
  <udhr f='sey'                iso639-3='sey'    bcp47='sey'            ohchr='1123'   stage='4' notes='n' loc='0.46,-75.55'          region='Americas'    demo='n' n='Secoya'/>
  <udhr f='shk'                iso639-3='shk'    bcp47='shk'            ohchr='shk'    stage='4' notes='n' loc='9.85,31.79'           region='Africa'      demo='n' n='Shilluk'/>
  <udhr f='shn'                iso639-3='shn'    bcp47='shn'            ohchr='sjn'    stage='2' notes='n' loc='21.60,98.03'          region='Asia'        demo='n' n='Shan'/>
  <udhr f='shp'                iso639-3='shp'    bcp47='shp'            ohchr='shp'    stage='4' notes='n' loc='-7.17,-74.82'         region='Americas'    demo='n' n='Shipibo-Conibo'/>
  <udhr f='sin'                iso639-3='sin'    bcp47='si'             ohchr='snh'    stage='5' notes='n' loc='8.00,81.00'           region='Asia'        demo='n' n='Sinhala'/>
  <udhr f='sja'                iso639-3='sja'    bcp47='sja'            ohchr='1126'   stage='2' notes='n' loc='4.26,-77.36'          region='Americas'    demo='n' n='Epena'/>
  <udhr f='skr'                iso639-3='skr'    bcp47='skr'            ohchr='skr'    stage='4' notes='n' loc='29.55,71.91'          region='Asia'        demo='n' n='Seraiki'/>
  <udhr f='slk'                iso639-3='slk'    bcp47='sk'             ohchr='slo'    stage='4' notes='n' loc='48.55,18.78'          region='Europe'      demo='n' n='Slovak'/>
  <udhr f='slv'                iso639-3='slv'    bcp47='sl'             ohchr='slv'    stage='4' notes='n' loc='46.25,14.78'          region='Europe'      demo='n' n='Slovenian'/>
  <udhr f='sme'                iso639-3='sme'    bcp47='se'             ohchr='lpi'    stage='4' notes='n' loc='68.72,22.11'          region='Europe'      demo='n' n='Saami, North'/>
  <udhr f='smo'                iso639-3='smo'    bcp47='sm'             ohchr='smy'    stage='4' notes='n' loc='-13.92,-171.83'       region='Pacific'     demo='n' n='Samoan'/>
  <udhr f='sna'                iso639-3='sna'    bcp47='sn'             ohchr='shd'    stage='4' notes='n' loc='-17.21,29.76'         region='Africa'      demo='n' n='Shona'/>
  <udhr f='snd'                iso639-3='snd'    bcp47='sd'             ohchr='snd'    stage='2' notes='n' loc='26.00,69.00'          region='Asia'        demo='n' n='Sindhi'/>
  <udhr f='snk'                iso639-3='snk'    bcp47='snk'            ohchr='snn'    stage='4' notes='n' loc='13.13,-11.72'         region='Africa'      demo='n' n='Soninke'/>
  <udhr f='snn'                iso639-3='snn'    bcp47='snn'            ohchr='1121'   stage='4' notes='n' loc='0.32,-76.02'          region='Americas'    demo='n' n='Siona'/>
  <udhr f='som'                iso639-3='som'    bcp47='so'             ohchr='som'    stage='4' notes='n' loc='4.78,45.15'           region='Africa'      demo='n' n='Somali'/>
  <udhr f='sot'                iso639-3='sot'    bcp47='st'             ohchr='sso'    stage='4' notes='n' loc='-30.44,27.90'         region='Africa'      demo='n' n='Sotho, Southern'/>
  <udhr f='spa'                iso639-3='spa'    bcp47='es'             ohchr='spn'    stage='4' notes='n' loc='40.44,-1.12'          region='Europe'      demo='n' n='Spanish'/>
  <udhr f='src'                iso639-3='src'    bcp47='sc'             ohchr='srd'    stage='4' notes='n' loc='40.49,9.10'           region='Europe'      demo='n' n='Sardinian, Logudorese'/>
  <udhr f='srp_cyrl'           iso639-3='srp'    bcp47='sr-Cyrl'        ohchr='src5'   stage='4' notes='n' loc='44.32,21.92'          region='Europe'      demo='n' n='Serbian (Cyrillic)'/>
  <udhr f='srp_latn'           iso639-3='srp'    bcp47='sr-Latn'        ohchr='src3'   stage='4' notes='n' loc='44.32,21.92'          region='Europe'      demo='n' n='Serbian (Latin)'/>
  <udhr f='srr'                iso639-3='srr'    bcp47='srr'            ohchr='ses'    stage='4' notes='n' loc='13.89,-16.39'         region='Africa'      demo='n' n='Serer-Sine'/>
  <udhr f='ssw'                iso639-3='ssw'    bcp47='ss'             ohchr='swz1'   stage='4' notes='n' loc='-26.00,31.50'         region='Africa'      demo='n' n='Swati'/>
  <udhr f='suk'                iso639-3='suk'    bcp47='suk'            ohchr='sua'    stage='4' notes='n' loc='-3.16,32.88'          region='Africa'      demo='n' n='Sukuma'/>
  <udhr f='sun'                iso639-3='sun'    bcp47='su'             ohchr='suo'    stage='4' notes='n' loc='-6.90,107.11'         region='Asia'        demo='n' n='Sunda'/>
  <udhr f='sus'                iso639-3='sus'    bcp47='sus'            ohchr='sus'    stage='4' notes='n' loc='10.40,-13.36'         region='Africa'      demo='n' n='Susu'/>
  <udhr f='suz'                iso639-3='suz'    bcp47='suz'            ohchr='suz'    stage='2' notes='n' loc='27.52,86.25'          region='Asia'        demo='n' n='Sunwar'/>
  <udhr f='swb'                iso639-3='swb'    bcp47='swb'            ohchr='swb'    stage='4' notes='n' loc='-15.41,45.14'         region='Africa'      demo='n' n='Comorian, Maore'/>
  <udhr f='swe'                iso639-3='swe'    bcp47='sv'             ohchr='swd'    stage='4' notes='n' loc='59.80,17.39'          region='Europe'      demo='n' n='Swedish'/>
  <udhr f='swh'                iso639-3='swh'    bcp47='sw'             ohchr='swa'    stage='4' notes='n' loc='-8.26,37.62'          region='Africa'      demo='n' n='Swahili'/>
  <udhr f='tah'                iso639-3='tah'    bcp47='ty'             ohchr='tht'    stage='4' notes='n' loc='-17.65,-149.45'       region='Pacific'     demo='n' n='Tahitian'/>
  <udhr f='taj'                iso639-3='taj'    bcp47='taj'            ohchr='taj'    stage='3' notes='n' loc='27.32, 87.08'         region='Asia'        demo='n' n='Tamang, Eastern'/>
  <udhr f='tam'                iso639-3='tam'    bcp47='ta'             ohchr='tcv'    stage='4' notes='n' loc='10.52,78.83'          region='Asia'        demo='y' n='Tamil'/>
  <udhr f='taq'                iso639-3='taq'    bcp47='taq'            ohchr='taq'    stage='2' notes='n' loc='14.20,-2.41'          region='Africa'      demo='n' n='Tamasheq'/>
  <udhr f='taq_tfng'           iso639-3='taq'    bcp47='taq-Tfng'       ohchr='taq'    stage='2' notes='n' loc='14.20,-2.41'          region='Africa'      demo='n' n='Tamasheq (Tifinagh)'/>
  <udhr f='tat'                iso639-3='tat'    bcp47='tt'             ohchr='ttr'    stage='4' notes='n' loc='55.00,50.00'          region='Europe'      demo='n' n='Tatar'/>
  <udhr f='tbz'                iso639-3='tbz'    bcp47='tbz'            ohchr='tbz'    stage='4' notes='n' loc='10.16,1.18'           region='Africa'      demo='n' n='Ditammari'/>
  <udhr f='tca'                iso639-3='tca'    bcp47='tca'            ohchr='tca'    stage='4' notes='n' loc='-3.66,-69.87'         region='Americas'    demo='n' n='Ticuna'/>
  <udhr f='tel'                iso639-3='tel'    bcp47='te'             ohchr='tcw'    stage='2' notes='n' loc='16.45,78.70'          region='Asia'        demo='n' n='Telugu'/>
  <udhr f='tem'                iso639-3='tem'    bcp47='tem'            ohchr='tej'    stage='4' notes='y' loc='8.90,-12.33'          region='Africa'      demo='n' n='Themne'/>
  <udhr f='tet'                iso639-3='tet'    bcp47='tet'            ohchr='ttm'    stage='4' notes='n' loc='-9.11,125.53'         region='Asia'        demo='n' n='Tetun'/>
  <udhr f='tgk'                iso639-3='tgk'    bcp47='tg'             ohchr='pet'    stage='4' notes='n' loc='38.82,68.55'          region='Asia'        demo='n' n='Tajiki'/>
  <udhr f='tgl'                iso639-3='tgl'    bcp47='tl'             ohchr='tgl'    stage='4' notes='n' loc='14.06,121.75'         region='Asia'        demo='n' n='Tagalog'/>
  <udhr f='tgl_tglg'           iso639-3='tgl'    bcp47='tl-Tglg'        ohchr=''       stage='1' notes='n' loc='14.06,121.75'         region='Asia'        demo='y' n='Tagalog (Tagalog)'/>
  <udhr f='tha'                iso639-3='tha'    bcp47='th'             ohchr='thj'    stage='4' notes='n' loc='14.19,100.67'         region='Asia'        demo='y' n='Thai'/>
  <udhr f='tha2'               iso639-3='tha'    bcp47='th'             ohchr=''       stage='4' notes='n' loc='14.19,100.67'         region='Asia'        demo='n' n='Thai (2)'/>
  <udhr f='thf'                iso639-3='thf'    bcp47='thf'            ohchr='thf'    stage='2' notes='n' loc='28.76,85.77'          region='Asia'        demo='n' n='Thangmi'/>
  <udhr f='thl'                iso639-3='thl'    bcp47='thl'            ohchr='thl'    stage='2' notes='n' loc='27.88,81.78'          region='Asia'        demo='n' n='Tharu, Dangaura'/>
  <udhr f='ths'                iso639-3='ths'    bcp47='ths'            ohchr='ths'    stage='2' notes='n' loc='28.70,83.65'          region='Asia'        demo='n' n='Thakali'/>
  <udhr f='tir'                iso639-3='tir'    bcp47='ti'             ohchr='tgn'    stage='4' notes='n' loc='15.34,38.93'          region='Africa'      demo='y' n='Tigrigna'/>
  <udhr f='tiv'                iso639-3='tiv'    bcp47='tiv'            ohchr='tiv'    stage='4' notes='n' loc='6.88,9.26'            region='Africa'      demo='n' n='Tiv'/>
  <udhr f='tly'                iso639-3='tly'    bcp47='tly'            ohchr='tly'    stage='4' notes='n' loc='38.46,48.63'          region='Asia'        demo='n' n='Talysh'/>
  <udhr f='tob'                iso639-3='tob'    bcp47='tob'            ohchr='tob'    stage='4' notes='n' loc='-24.40,-60.45'        region='Americas'    demo='n' n='Toba'/>
  <udhr f='toi'                iso639-3='toi'    bcp47='toi'            ohchr='toi'    stage='4' notes='n' loc='-17.42,27.10'         region='Africa'      demo='n' n='Tonga'/>
  <udhr f='toj'                iso639-3='toj'    bcp47='toj'            ohchr='toj'    stage='4' notes='n' loc='16.26,-91.78'         region='Americas'    demo='n' n='Tojolabal'/>
  <udhr f='ton'                iso639-3='ton'    bcp47='to'             ohchr='tov'    stage='4' notes='n' loc='-21.17,-175.25'       region='Pacific'     demo='n' n='Tongan'/>
  <udhr f='top'                iso639-3='top'    bcp47='top'            ohchr='top'    stage='4' notes='n' loc='20.57,-97.26'         region='Americas'    demo='n' n='Totonac, Papantla'/>
  <udhr f='tpi'                iso639-3='tpi'    bcp47='tpi'            ohchr='pdg'    stage='4' notes='n' loc='-9.42,147.30'         region='Pacific'     demo='n' n='Tok Pisin'/>
  <udhr f='tsn'                iso639-3='tsn'    bcp47='tn'             ohchr='tsw'    stage='4' notes='n' loc='-24.37,24.76'         region='Africa'      demo='n' n='Tswana'/>
  <udhr f='tso_MZ'             iso639-3='tso'    bcp47='ts'             ohchr='tso'    stage='4' notes='n' loc='-23.58,31.81'         region='Africa'      demo='n' n='Tsonga (Mozambique)'/>
  <udhr f='tsz'                iso639-3='tsz'    bcp47='tsz'            ohchr='1112'   stage='4' notes='n' loc='19.25,-101.63'        region='Americas'    demo='n' n='Purepecha'/>
  <udhr f='tuk_cyrl'           iso639-3='tuk'    bcp47='tk-Cyrl'        ohchr='tck'    stage='4' notes='n' loc='37.09,59.18'          region='Asia'        demo='n' n='Turkmen (Cyrillic)'/>
  <udhr f='tuk_latn'           iso639-3='tuk'    bcp47='tk-Latn'        ohchr=''       stage='4' notes='n' loc='37.09,59.18'          region='Asia'        demo='n' n='Turkmen (Latin)'/>
  <udhr f='tur'                iso639-3='tur'    bcp47='tr'             ohchr='trk'    stage='4' notes='n' loc='39.87,32.87'          region='Asia'        demo='n' n='Turkish'/>
  <udhr f='tyv'                iso639-3='tyv'    bcp47='tyv'            ohchr='tyv'    stage='4' notes='n' loc='48.44,92.67'          region='Asia'        demo='n' n='Tuva'/>
  <udhr f='tzc'                iso639-3='tzo'    bcp47='tzo'            ohchr='tzc'    stage='4' notes='n' loc='16.64,-92.74'         region='Americas'    demo='n' n='Tzotzil'/>
  <udhr f='tzh'                iso639-3='tzh'    bcp47='tzh'            ohchr='tzc1'   stage='4' notes='n' loc='16.64,-92.28'         region='Americas'    demo='n' n='Tzeltal, Oxchuc'/>
  <udhr f='tzm'                iso639-3='tzm'    bcp47='tzm'            ohchr='tzm'    stage='4' notes='n' loc='32.74,-2.41'          region='Africa'      demo='n' n='Tamazight, Central Atlas'/>
  <udhr f='uig_arab'           iso639-3='uig'    bcp47='ug-Arab'        ohchr='uig'    stage='4' notes='n' loc='43.67,79.75'          region='Asia'        demo='n' n='Uyghur (Arabic)'/>
  <udhr f='uig_latn'           iso639-3='uig'    bcp47='ug-Latn'        ohchr=''       stage='4' notes='n' loc='43.67,79.75'          region='Asia'        demo='n' n='Uyghur (Latin)'/>
  <udhr f='ukr'                iso639-3='ukr'    bcp47='uk'             ohchr='ukr'    stage='4' notes='n' loc='48.18,24.40'          region='Europe'      demo='n' n='Ukrainian'/>
  <udhr f='umb'                iso639-3='umb'    bcp47='umb'            ohchr='mnf'    stage='4' notes='n' loc='-12.48,14.41'         region='Africa'      demo='n' n='Umbundu'/>
  <udhr f='unr'                iso639-3='unr'    bcp47='unr'            ohchr='unr'    stage='2' notes='n' loc='25.04,87.18'          region='Asia'        demo='n' n='Mundari'/>
  <udhr f='ura'                iso639-3='ura'    bcp47='ura'            ohchr='ura'    stage='4' notes='n' loc='-4.44,-75.42'         region='Americas'    demo='n' n='Urarina'/>
  <udhr f='urd'                iso639-3='urd'    bcp47='ur'             ohchr='urd'    stage='4' notes='n' loc='25.00,67.00'          region='Asia'        demo='n' n='Urdu'/>
  <udhr f='uzn_cyrl'           iso639-3='uzn'    bcp47='uzn-Cyrl'       ohchr='uzb1'   stage='4' notes='n' loc='43.75,59.23'          region='Asia'        demo='n' n='Uzbek, Northern (Cyrillic)'/>
  <udhr f='uzn_latn'           iso639-3='uzn'    bcp47='uzn-Latn'       ohchr='uzb'    stage='4' notes='y' loc='43.75,59.23'          region='Asia'        demo='n' n='Uzbek, Northern (Latin)'/>
  <udhr f='vai'                iso639-3='vai'    bcp47='vai'            ohchr='vai'    stage='4' notes='n' loc='7.05,-11.33'          region='Africa'      demo='y' n='Vai'/>
  <udhr f='vec'                iso639-3='vec'    bcp47='vec'            ohchr='vec'    stage='4' notes='n' loc='45.41,13.03'          region='Europe'      demo='n' n='Venetian'/>
  <udhr f='ven'                iso639-3='ven'    bcp47='ve'             ohchr='tsh'    stage='4' notes='n' loc='-22.19,29.95'         region='Africa'      demo='n' n='Venda'/>
  <udhr f='vep'                iso639-3='vep'    bcp47='vep'            ohchr='vep'    stage='4' notes='n' loc='60.34,34.79'          region='Asia'        demo='n' n='Veps'/>
  <udhr f='vie'                iso639-3='vie'    bcp47='vi'             ohchr='vie'    stage='4' notes='n' loc='18.39,106.76'         region='Asia'        demo='n' n='Vietnamese'/>
  <udhr f='vie_han'            iso639-3='vie'    bcp47='vi-Hani'        ohchr=''       stage='4' notes='n' loc='18.39,106.76'         region='Asia'        demo='n' n='Vietnamese (Han nom)'/>
  <udhr f='vmw'                iso639-3='vmw'    bcp47='vmw'            ohchr='vmw'    stage='4' notes='n' loc='-14.85,38.81'         region='Africa'      demo='n' n='Makhuwa'/>
  <udhr f='war'                iso639-3='war'    bcp47='war'            ohchr='wry'    stage='4' notes='n' loc='11.49,125.01'         region='Asia'        demo='n' n='Waray-Waray'/>
  <udhr f='wln'                iso639-3='wln'    bcp47='wa'             ohchr='frn1'   stage='4' notes='n' loc='50.22,5.15'           region='Europe'      demo='n' n='Walloon'/>
  <udhr f='wol'                iso639-3='wol'    bcp47='wo'             ohchr='wol'    stage='4' notes='n' loc='15.25,-15.38'         region='Africa'      demo='n' n='Wolof'/>
  <udhr f='wwa'                iso639-3='wwa'    bcp47='wwa'            ohchr='ako'    stage='4' notes='n' loc='10.60,1.65'           region='Africa'      demo='n' n='Waama'/>
  <udhr f='xho'                iso639-3='xho'    bcp47='xh'             ohchr='xos'    stage='4' notes='n' loc='-31.04,28.08'         region='Africa'      demo='n' n='Xhosa'/>
  <udhr f='xsm'                iso639-3='xsm'    bcp47='xsm'            ohchr='kas'    stage='4' notes='n' loc='11.08,-1.39'          region='Africa'      demo='n' n='Kasem'/>
  <udhr f='xsr'                iso639-3='xsr'    bcp47='xsr'            ohchr='xsr'    stage='2' notes='n' loc='27.67,87.00'          region='Asia'        demo='n' n='Sherpa'/>
  <udhr f='yad'                iso639-3='yad'    bcp47='yad'            ohchr='yad'    stage='4' notes='n' loc='-3.43,-72.22'         region='Americas'    demo='n' n='Yagua'/>
  <udhr f='yao'                iso639-3='yao'    bcp47='yao'            ohchr='yao'    stage='4' notes='n' loc='-13.61,35.24'         region='Africa'      demo='n' n='Yao'/>
  <udhr f='yap'                iso639-3='yap'    bcp47='yap'            ohchr='yps'    stage='4' notes='n' loc='9.56,138.12'          region='Pacific'     demo='n' n='Yapese'/>
  <udhr f='ydd'                iso639-3='ydd'    bcp47='yi'             ohchr='ydd'    stage='4' notes='n' loc='51.75,19.42'          region='Asia'        demo='n' n='Yiddish, Eastern'/>
  <udhr f='ykg'                iso639-3='ykg'    bcp47='ykg'            ohchr='ykg'    stage='4' notes='n' loc='65.39,151.32'         region='Asia'        demo='n' n='Yukaghir, Northern'/>
  <udhr f='yor'                iso639-3='yor'    bcp47='yo'             ohchr='yor'    stage='4' notes='n' loc='7.15,3.67'            region='Africa'      demo='n' n='Yoruba'/>
  <udhr f='yrk'                iso639-3='yrk'    bcp47='yrk'            ohchr='yrk'    stage='2' notes='n' loc='66.18,71.02'          region='Asia'        demo='n' n='Nenets'/>
  <udhr f='yua'                iso639-3='yua'    bcp47='yua'            ohchr='yua'    stage='4' notes='n' loc='18.78,-88.96'         region='Americas'    demo='n' n='Maya, Yucatán'/>
  <udhr f='zam'                iso639-3='zam'    bcp47='zam'            ohchr='zam'    stage='4' notes='n' loc='16.22,-96.66'         region='Americas'    demo='n' n='Zapotec, Miahuatlán'/>
  <udhr f='zgh'                iso639-3='zgh'    bcp47='zgh'            ohchr='ama'    stage='4' notes='n' loc='14.20,-2.41'          region='Africa'      demo='n' n='Tamazight, Standard Morocan'/>
  <udhr f='zro'                iso639-3='zro'    bcp47='zro'            ohchr='1124'   stage='4' notes='n' loc='-2.00,-76.36'         region='Americas'    demo='n' n='Z&#x00E1;paro'/>
  <udhr f='ztu'                iso639-3='ztu'    bcp47='ztu'            ohchr='ztu1'   stage='4' notes='n' loc='16.88,-96.46'         region='Americas'    demo='n' n='Zapotec, Güilá'/>
  <udhr f='zul'                iso639-3='zul'    bcp47='zu'             ohchr='zuu'    stage='4' notes='y' loc='-25.33,31.35'         region='Africa'      demo='n' n='Zulu'/>
</udhrs>
